condition,keep_fraction,seed,method,num_samples,relative_l2_mean,relative_l2_ci95_low,relative_l2_ci95_high,correlation_mean,correlation_ci95_low,correlation_ci95_high,mse_mean,mse_ci95_low,mse_ci95_high
periodic_theta89,0.1,20260802,Fourier inverse,1000,0.953767316699028,0.9530459152400493,0.9544478430017829,0.3035734562760326,0.300360426670199,0.3068299181050358,0.09255005454024404,0.090459066903532,0.09474888220994275
periodic_theta89,0.1,20260802,Time reversal,1000,0.9242362731099129,0.9231846318557859,0.9253452395603061,0.44220713655895183,0.43809738295176825,0.44625947417333334,0.08663116624051181,0.08471990889097065,0.08851393027249567
periodic_theta89,0.1,20260802,Iterated time reversal,1000,0.8233410784602165,0.8206119452387094,0.825993041396141,0.4950159665496648,0.4907749274117451,0.4995650790144023,0.06781349198716853,0.06641809256194163,0.06920943920411458
periodic_theta89,0.1,20260802,Gradient descent (1/L),1000,0.7367946350574494,0.7338513805463911,0.7396705493792892,0.6339808879118534,0.6303913568101704,0.6375172788878449,0.05441268094662649,0.053329844999913195,0.055563786955490815
periodic_theta89,0.1,20260802,FNO-only,1000,1.2502125436663627,1.2361272281840443,1.264947750389576,0.40708206740157465,0.3993562137600529,0.41391253547945644,0.14787374158028976,0.1455024608598765,0.1501457494386711
periodic_theta89,0.1,20260802,Fourier-to-FNO,1000,0.8615916473269463,0.8553642687395215,0.8684147490456701,0.5362782908459954,0.5311240687965214,0.5414240606315246,0.07069584616192616,0.06987414147506092,0.07154512871011785
periodic_theta89,0.1,20260802,FNO-to-Fourier,1000,0.8583790983557701,0.8558511509314178,0.86098105083704,0.3927966326310457,0.3888863238745197,0.39622009140462167,0.07387011514626422,0.07232133749319677,0.07544400041417189
pml_outside_theta45,0.1,20260802,Fourier inverse,1000,0.9810680640935898,0.9806320002138614,0.9814936250314117,0.2343185694832082,0.230317442610212,0.23834227718247106,0.09819990216877679,0.09598026553854791,0.10035016018848525
pml_outside_theta45,0.1,20260802,Time reversal,1000,0.9613147387504578,0.9606326074182987,0.961977512678504,0.4123137092972618,0.40764409009516284,0.4169229075219586,0.09410961243830047,0.09190139452410864,0.09632166305736856
pml_outside_theta45,0.1,20260802,Iterated time reversal,1000,0.8553091735243797,0.8526759702160954,0.8580588223487139,0.4505671325986641,0.44526480390811757,0.4556512584198229,0.07335745080261123,0.07187339048127746,0.07497327366843556
pml_outside_theta45,0.1,20260802,Gradient descent (1/L),1000,0.8098404133915901,0.8067946291133762,0.8127159451454878,0.5261185249604116,0.5211081743921503,0.5310318523103275,0.06536196651738164,0.06394824852606078,0.06672169990412284
pml_outside_theta45,0.1,20260802,FNO-only,1000,1.705133045732975,1.6826963756412268,1.729776458631456,0.26158338877784204,0.25494475835952485,0.2679379750264354,0.2665332108615387,0.2634428305703123,0.2694939763129029
pml_outside_theta45,0.1,20260802,Fourier-to-FNO,1000,0.9971813424229622,0.9925086172804237,1.002241790637374,0.29739200797621934,0.2910719433688987,0.3037542592840792,0.09708334407689173,0.09550610916987758,0.09856087775822048
pml_outside_theta45,0.1,20260802,FNO-to-Fourier,1000,1.009315191566944,1.0071802525267006,1.011546172326803,0.159712727801263,0.15617029439306723,0.1632696502447338,0.1033073969675691,0.10105851657365009,0.1053346502008419
periodic_theta89,0.25,20260802,Fourier inverse,1000,0.8864388701319694,0.884838783198595,0.8881128961473703,0.45462602808121505,0.4501527315156739,0.4589468568168772,0.07931413251793983,0.07747794263880749,0.08104539921773186
periodic_theta89,0.25,20260802,Time reversal,1000,0.8198402757048607,0.8171359958946705,0.8225448558345437,0.5895542012386163,0.5845495449986687,0.5942727004428948,0.06731368734811004,0.06595475243047057,0.0687513507195888
periodic_theta89,0.25,20260802,Iterated time reversal,1000,0.6155041456520557,0.6105067772626876,0.6204012775518,0.7379219605746009,0.7331409566185338,0.7423850394563484,0.03714379970987417,0.03644241515073294,0.03783357937081308
periodic_theta89,0.25,20260802,Gradient descent (1/L),1000,0.46741010373830794,0.4624242409788072,0.47264084877893325,0.8561918286830793,0.8526063788862505,0.859355969885644,0.021296012389221814,0.020870268202017452,0.021725366179309098
periodic_theta89,0.25,20260802,FNO-only,1000,0.8397255831360817,0.8358052809685469,0.8438095511287451,0.4260201738179945,0.4215285816681132,0.43022123436738996,0.06880124733495918,0.06767810077330806,0.06992557977273613
periodic_theta89,0.25,20260802,Fourier-to-FNO,1000,0.7021312991082669,0.6948012420170009,0.709360561272502,0.7097994532454379,0.7044133436598086,0.7147448237040752,0.04609558281296183,0.04564239546392622,0.04655347067388077
periodic_theta89,0.25,20260802,FNO-to-Fourier,1000,0.6999151048660278,0.6953061043649912,0.7046947805538774,0.6421636338160122,0.6364883300771043,0.6474769214724375,0.04820312613341169,0.04731089377505683,0.04913349521578811
pml_outside_theta45,0.25,20260802,Fourier inverse,1000,0.954076598584652,0.9531064196646214,0.9550845720261335,0.3390761400675286,0.3335556378197697,0.3448068382659582,0.0925656595111735,0.09052901675219473,0.09462811346233592
pml_outside_theta45,0.25,20260802,Time reversal,1000,0.9061094341278076,0.904600508724153,0.9077376907199621,0.5358077314866141,0.5302629901908553,0.5413976695960871,0.08308325034183413,0.081293525947174,0.08487560487612074
pml_outside_theta45,0.25,20260802,Iterated time reversal,1000,0.6820832772552967,0.6770451368883252,0.6872401122383773,0.6596322983936184,0.6540228043850911,0.665671283433915,0.045280964145038426,0.04451114228621102,0.04608588555101473
pml_outside_theta45,0.25,20260802,Gradient descent (1/L),1000,0.6259951393604278,0.6207091230124234,0.6318312561497093,0.7191569786089438,0.713782229840515,0.7248081493324157,0.03780757752469672,0.037168845676824394,0.03845024776737306
pml_outside_theta45,0.25,20260802,FNO-only,1000,0.846703129529953,0.8422334008783102,0.8512885413452983,0.41182438106567737,0.40688687221109004,0.41708038164172556,0.06980182148594312,0.06870279158540323,0.07089891335538501
pml_outside_theta45,0.25,20260802,Fourier-to-FNO,1000,0.9252399406433105,0.9189242776870727,0.9308870580300689,0.4209941150537891,0.41296669077298886,0.42895708628158497,0.08263346115494893,0.08154585177435611,0.0838373022702002
pml_outside_theta45,0.25,20260802,FNO-to-Fourier,1000,0.9510609243512154,0.945901011569798,0.956358738656342,0.3433315452937892,0.33586197122182765,0.35059555946096504,0.08907050985762374,0.08740170453330952,0.09065600700026158
periodic_theta89,0.5,20260802,Fourier inverse,1000,0.7806864070892334,0.7775178757831454,0.7839093338817358,0.5954523943696247,0.5900034814088218,0.6008999512953598,0.06069532154197567,0.05948558920301615,0.061907188319596566
periodic_theta89,0.5,20260802,Time reversal,1000,0.6829023413658142,0.6787662231117487,0.6871971497967839,0.6861644355264243,0.6811747410252713,0.6911002309446251,0.04596888285387594,0.045046120788108795,0.04685818472607154
periodic_theta89,0.5,20260802,Iterated time reversal,1000,0.4076231597065926,0.4011949877277017,0.41412929536215964,0.88744247108217,0.883595858501631,0.8912837127797653,0.016072242079753822,0.015695366085974667,0.016470644327557172
periodic_theta89,0.5,20260802,Gradient descent (1/L),1000,0.4154750185012817,0.40982663477286696,0.4212762376576662,0.8875114401427693,0.8842043769645922,0.8908579734166514,0.01675817946040156,0.016381698670858823,0.017153153703297584
periodic_theta89,0.5,20260802,FNO-only,1000,1.1950627483725549,1.1810599585816266,1.209081739360094,0.4353575298808132,0.42797280174759167,0.4428106103834992,0.13574727722008986,0.13341684238479506,0.1380833099627922
periodic_theta89,0.5,20260802,Fourier-to-FNO,1000,0.5267145462632179,0.5209020263023674,0.5324149228982628,0.8456138578367423,0.8424594732528209,0.8487342867732799,0.02614911848743516,0.02580693041269585,0.026504061823458144
periodic_theta89,0.5,20260802,FNO-to-Fourier,1000,0.49885423290729525,0.4920696552425623,0.5064228157348931,0.8289282213867327,0.8227286876658038,0.8344952096031024,0.023966497222544285,0.023426945690912127,0.024508335221640722
pml_outside_theta45,0.5,20260802,Fourier inverse,1000,0.9134533280730247,0.9115309415087104,0.9153225511968135,0.42561918699953366,0.41888702032216457,0.4322131250804183,0.08442389012674976,0.0825025830433022,0.08639670232353286
pml_outside_theta45,0.5,20260802,Time reversal,1000,0.8240203057527542,0.8211925973355769,0.8270999119728804,0.6096283195022224,0.6031908584133426,0.6156880312775025,0.0679753273473226,0.06649843020297282,0.06939556744393291
pml_outside_theta45,0.5,20260802,Iterated time reversal,1000,0.5705391863584518,0.5639984226129949,0.5774595732040704,0.7696686219845937,0.763735917541583,0.7751804593241086,0.03106662450139582,0.030539097539804636,0.031596195126682554
pml_outside_theta45,0.5,20260802,Gradient descent (1/L),1000,0.6078403700590134,0.6019917409703136,0.6139258631557226,0.7414118755215459,0.7358133314218911,0.746954327625056,0.035569175323784875,0.0349384580016398,0.03619549853574348
pml_outside_theta45,0.5,20260802,FNO-only,1000,1.6633835750222206,1.6410685455411673,1.687325173817575,0.27508966568073234,0.268737166540966,0.28168242957437184,0.25330435276105573,0.25068746458291347,0.2560125644145931
pml_outside_theta45,0.5,20260802,Fourier-to-FNO,1000,0.7677528993487358,0.7612207878269255,0.774393357808888,0.5923762661248402,0.5839452263175863,0.6002943131464967,0.05752168545694538,0.056437996085523315,0.05859858123782717
pml_outside_theta45,0.5,20260802,FNO-to-Fourier,1000,0.7574626652300358,0.7489074616096915,0.7659706681780517,0.5719773939503826,0.5607831820203555,0.5830616067682236,0.055796733520105425,0.054686787635146276,0.056917664246507495
periodic_theta89,1.0,20260802,Fourier inverse,1000,0.6092604744136334,0.6038305392049254,0.6147567257836462,0.7444567453884945,0.7389414223421279,0.7502553440262671,0.03634290058897051,0.035648182294923676,0.03707307818177469
periodic_theta89,1.0,20260802,Time reversal,1000,0.6561570969820023,0.6514520033106208,0.6609258110322058,0.7572552584439015,0.7522611069598334,0.7622021018652823,0.04392353846333987,0.04280541955947817,0.0450910482930104
periodic_theta89,1.0,20260802,Iterated time reversal,1000,0.3173933880329132,0.3101403494041413,0.32464315867312254,0.9294407429140129,0.9260708153712354,0.9327238038441483,0.009780019421453097,0.009459518714362371,0.010114035015214465
periodic_theta89,1.0,20260802,Gradient descent (1/L),1000,0.36849181820452215,0.3623104497075081,0.37464894084483386,0.9093081349698141,0.905937797696175,0.912640799171272,0.013160898983133645,0.012827936454811997,0.013521095410525487
periodic_theta89,1.0,20260802,FNO-only,1000,1.165970369040966,1.1520572606772184,1.1793481001898645,0.4496473317538967,0.4420957125039341,0.4572174611743798,0.12961888159213855,0.12742116114204172,0.131870826514957
periodic_theta89,1.0,20260802,Fourier-to-FNO,1000,0.41317371240258216,0.40823957524895665,0.41819519971981645,0.9040028595566637,0.9015917158558783,0.9063660948530913,0.015990105267974442,0.015763595957619,0.016206853370240044
periodic_theta89,1.0,20260802,FNO-to-Fourier,1000,0.3639815501049161,0.3554754687760025,0.372315860715881,0.9043036075249559,0.8992519951976343,0.9089688409343123,0.01277708229061836,0.012335846835648938,0.013215120096536722
pml_outside_theta45,1.0,20260802,Fourier inverse,1000,0.8501477228403092,0.8464709444284438,0.8537728833571075,0.505080135490259,0.49740937519376943,0.5127641099086726,0.07259506148787671,0.07107124635920377,0.07420718722219231
pml_outside_theta45,1.0,20260802,Time reversal,1000,0.7099701361060142,0.7048867826029658,0.7150437784746289,0.6606622541984581,0.6539791533615785,0.6672256957438606,0.049573231819753684,0.04858275792550182,0.05052571114868897
pml_outside_theta45,1.0,20260802,Iterated time reversal,1000,0.5092581140697002,0.5023405891984701,0.516531809489429,0.8187990500524004,0.8137262108537913,0.8240508388012848,0.024503102876647864,0.024047954160283415,0.024973715648071465
pml_outside_theta45,1.0,20260802,Gradient descent (1/L),1000,0.5776728790998459,0.5709485335566103,0.5839184961996973,0.766792062106804,0.7611592292479762,0.7720631619612099,0.03194751731274176,0.03141518696489079,0.032505614372303905
pml_outside_theta45,1.0,20260802,FNO-only,1000,1.6399064524769782,1.6172855891644955,1.6639405623733998,0.28104437997142967,0.27438312685159494,0.28767545794470967,0.24663406359089646,0.24382891122955025,0.24943163936916593
pml_outside_theta45,1.0,20260802,Fourier-to-FNO,1000,0.6809547542929649,0.6741409182779491,0.6878687333084642,0.669759793407862,0.6620526906738456,0.677643449530726,0.04572664621787532,0.044786843705950194,0.046705761232813656
pml_outside_theta45,1.0,20260802,FNO-to-Fourier,1000,0.6041846478581429,0.5935914361968636,0.6139391904205084,0.7160407630995406,0.7048424787219034,0.7271161409422391,0.035725794347619806,0.034709642995411925,0.0367886650683825
